company,total_postings,avg_salary,min_salary,max_salary,avg_days_to_fill,avg_applicants,pct_remote,pct_senior,company_size,primary_industry,unique_roles
Apex AI,272,162037,40000,514000,28.2,123.7,0.199,0.441,Startup (1-50),Consulting,20
Apex Analytics,292,165634,58000,429000,29.2,113.5,0.195,0.432,Mid-size (201-1000),Consulting,20
Apex Corp,296,154598,42000,413000,30.9,114.7,0.162,0.426,Mid-size (201-1000),Healthcare,20
Apex Digital,261,157996,48000,591000,28.9,113.3,0.234,0.402,Mid-size (201-1000),Government,20
Apex Group,249,153100,55000,370000,30.4,121.9,0.137,0.386,Small (51-200),Government,20
Apex Inc,258,174469,53000,474000,26.1,126.5,0.178,0.484,Startup (1-50),Education,20
Apex Labs,261,170322,53000,422000,29.8,119.2,0.23,0.467,Small (51-200),Finance,20
Apex Partners,240,169921,55000,425000,30.1,133.7,0.196,0.454,Enterprise (5000+),Retail,20
Apex Solutions,304,160757,39000,532000,26.1,116.4,0.194,0.398,Enterprise (5000+),Manufacturing,20
Apex Systems,283,168226,37000,457000,28.5,105.4,0.17,0.505,Enterprise (5000+),Retail,20
Apex Technologies,280,164729,50000,496000,28.9,123.0,0.164,0.386,Mid-size (201-1000),E-commerce,20
Apex Ventures,259,165714,52000,563000,28.9,129.6,0.208,0.506,Large (1001-5000),Finance,20
Atlas AI,251,165749,47000,478000,27.4,128.3,0.135,0.462,Small (51-200),Retail,20
Atlas Analytics,313,162214,47000,493000,28.7,129.8,0.24,0.438,Small (51-200),Media,20
Atlas Corp,280,160557,50000,434000,26.6,112.6,0.189,0.425,Mid-size (201-1000),Education,20
Atlas Digital,273,168033,48000,409000,29.9,125.2,0.19,0.462,Enterprise (5000+),Education,20
Atlas Group,274,173157,49000,546000,27.8,113.9,0.172,0.496,Mid-size (201-1000),Tech,20
Atlas Inc,283,165746,54000,391000,30.7,115.3,0.23,0.456,Mid-size (201-1000),Manufacturing,20
Atlas Labs,262,168931,55000,449000,27.9,120.4,0.172,0.473,Startup (1-50),Logistics,20
Atlas Partners,265,162453,50000,476000,27.4,124.6,0.177,0.419,Enterprise (5000+),Government,20
Atlas Solutions,282,163887,55000,470000,28.4,127.7,0.142,0.44,Large (1001-5000),Education,20
Atlas Systems,276,163239,51000,459000,30.7,116.3,0.178,0.428,Enterprise (5000+),Education,20
Atlas Technologies,296,168328,49000,522000,28.6,128.4,0.169,0.456,Enterprise (5000+),Manufacturing,20
Atlas Ventures,299,164552,44000,678000,27.8,116.3,0.167,0.441,Mid-size (201-1000),Consulting,20
Catalyst AI,275,164735,48000,547000,28.4,131.0,0.182,0.422,Mid-size (201-1000),Healthcare,20
Catalyst Analytics,273,155110,52000,551000,27.1,127.1,0.198,0.37,Small (51-200),E-commerce,20
Catalyst Corp,304,161990,48000,457000,28.9,135.9,0.184,0.441,Mid-size (201-1000),Government,20
Catalyst Digital,278,166230,59000,479000,29.5,128.9,0.209,0.46,Large (1001-5000),Government,20
Catalyst Group,256,162988,48000,545000,28.6,106.7,0.156,0.438,Small (51-200),E-commerce,20
Catalyst Inc,289,162903,54000,426000,30.3,112.9,0.201,0.422,Mid-size (201-1000),Consulting,20
Catalyst Labs,322,160699,52000,589000,30.0,121.3,0.199,0.394,Enterprise (5000+),Consulting,20
Catalyst Partners,258,166167,49000,623000,28.1,123.1,0.213,0.477,Large (1001-5000),E-commerce,20
Catalyst Solutions,276,167283,55000,496000,30.9,131.1,0.192,0.464,Large (1001-5000),Media,20
Catalyst Systems,284,160504,55000,504000,29.0,119.4,0.176,0.437,Mid-size (201-1000),Education,20
Catalyst Technologies,286,155497,46000,470000,29.9,128.6,0.196,0.392,Large (1001-5000),Finance,20
Catalyst Ventures,297,155182,52000,459000,29.2,106.9,0.205,0.391,Enterprise (5000+),Government,20
Horizon AI,269,152888,42000,445000,26.4,120.1,0.182,0.379,Large (1001-5000),Consulting,20
Horizon Analytics,293,162106,52000,486000,28.0,123.7,0.212,0.413,Mid-size (201-1000),Media,20
Horizon Corp,253,159004,52000,419000,29.7,119.6,0.182,0.415,Small (51-200),Manufacturing,20
Horizon Digital,267,161124,54000,512000,30.4,123.3,0.221,0.423,Enterprise (5000+),Government,20
Horizon Group,262,163031,50000,510000,28.2,147.3,0.191,0.431,Mid-size (201-1000),Finance,20
Horizon Inc,276,159572,49000,584000,28.4,113.8,0.167,0.388,Mid-size (201-1000),Healthcare,20
Horizon Labs,264,158932,53000,400000,28.5,124.8,0.163,0.413,Small (51-200),Finance,20
Horizon Partners,290,155655,53000,424000,28.1,124.7,0.152,0.362,Large (1001-5000),Retail,20
Horizon Solutions,285,169004,42000,524000,30.2,132.3,0.172,0.463,Mid-size (201-1000),Finance,20
Horizon Systems,279,159978,49000,645000,27.7,127.7,0.158,0.401,Mid-size (201-1000),Consulting,20
Horizon Technologies,256,172230,47000,470000,29.6,123.4,0.137,0.461,Startup (1-50),Logistics,20
Horizon Ventures,254,158386,45000,429000,30.8,125.2,0.157,0.417,Startup (1-50),Education,20
Meridian AI,278,160737,51000,524000,26.9,116.4,0.216,0.378,Enterprise (5000+),Logistics,20
Meridian Analytics,266,166752,45000,453000,29.2,115.5,0.158,0.429,Startup (1-50),Consulting,20
Meridian Corp,291,166017,46000,451000,28.3,129.6,0.144,0.485,Enterprise (5000+),Manufacturing,20
Meridian Digital,271,156232,52000,471000,27.9,136.6,0.199,0.384,Large (1001-5000),Retail,20
Meridian Group,294,158388,37000,423000,29.2,139.9,0.19,0.442,Mid-size (201-1000),Finance,20
Meridian Inc,320,158044,54000,463000,28.3,125.5,0.162,0.428,Enterprise (5000+),Healthcare,20
Meridian Labs,299,160853,52000,587000,28.9,139.0,0.157,0.452,Large (1001-5000),Logistics,20
Meridian Partners,287,160655,44000,449000,29.4,125.9,0.188,0.425,Startup (1-50),Consulting,20
Meridian Solutions,252,162933,46000,426000,27.7,129.7,0.226,0.452,Startup (1-50),Logistics,20
Meridian Systems,271,159524,56000,448000,32.3,132.6,0.221,0.395,Small (51-200),Manufacturing,20
Meridian Technologies,287,163774,51000,536000,29.5,125.5,0.185,0.401,Large (1001-5000),Healthcare,20
Meridian Ventures,279,166190,51000,492000,28.5,120.3,0.211,0.409,Small (51-200),E-commerce,20
Nexus AI,276,165801,56000,725000,30.0,123.7,0.232,0.471,Large (1001-5000),Education,20
Nexus Analytics,278,168496,56000,607000,29.5,135.1,0.169,0.432,Startup (1-50),Manufacturing,20
Nexus Corp,275,164131,46000,423000,27.1,118.4,0.189,0.455,Mid-size (201-1000),Healthcare,20
Nexus Digital,276,152964,47000,422000,29.3,128.6,0.167,0.348,Large (1001-5000),Finance,20
Nexus Group,277,154816,56000,430000,30.7,126.3,0.166,0.354,Mid-size (201-1000),Retail,20
Nexus Inc,284,164722,54000,600000,28.7,125.2,0.169,0.426,Startup (1-50),Media,20
Nexus Labs,294,165690,54000,547000,29.3,127.8,0.214,0.422,Enterprise (5000+),Tech,20
Nexus Partners,260,174892,62000,540000,31.2,120.6,0.165,0.446,Small (51-200),Logistics,20
Nexus Solutions,290,163924,49000,566000,29.1,126.7,0.207,0.462,Large (1001-5000),Media,20
Nexus Systems,292,166329,58000,465000,30.1,111.2,0.195,0.479,Small (51-200),Education,20
Nexus Technologies,275,156440,44000,569000,28.0,132.6,0.178,0.418,Large (1001-5000),Logistics,20
Nexus Ventures,259,168969,54000,499000,29.0,120.7,0.17,0.44,Mid-size (201-1000),Retail,20
Nova AI,272,159684,51000,515000,30.9,125.7,0.158,0.408,Large (1001-5000),Media,20
Nova Analytics,293,159474,56000,577000,29.6,123.9,0.184,0.444,Large (1001-5000),Government,20
Nova Corp,277,165722,48000,423000,28.5,121.3,0.148,0.422,Enterprise (5000+),Retail,20
Nova Digital,264,162072,46000,443000,28.8,118.2,0.163,0.417,Mid-size (201-1000),Tech,20
Nova Group,286,166514,41000,453000,26.6,116.6,0.178,0.416,Large (1001-5000),Finance,20
Nova Inc,278,162054,45000,451000,28.9,119.9,0.18,0.46,Small (51-200),Government,20
Nova Labs,291,162983,47000,419000,28.4,135.5,0.22,0.426,Large (1001-5000),Education,20
Nova Partners,260,155431,57000,518000,27.8,117.5,0.262,0.392,Large (1001-5000),Healthcare,20
Nova Solutions,291,166646,49000,601000,29.4,124.4,0.189,0.402,Enterprise (5000+),Government,20
Nova Systems,293,165259,57000,444000,29.9,122.2,0.167,0.454,Small (51-200),Finance,20
Nova Technologies,283,158184,52000,532000,30.2,119.9,0.166,0.456,Small (51-200),Government,20
Nova Ventures,271,160395,49000,488000,28.8,126.7,0.159,0.421,Large (1001-5000),Government,20
Pinnacle AI,296,158277,51000,481000,27.3,123.6,0.176,0.405,Large (1001-5000),Logistics,20
Pinnacle Analytics,260,157969,39000,492000,29.7,130.6,0.185,0.369,Large (1001-5000),Healthcare,20
Pinnacle Corp,271,165653,54000,612000,29.2,120.2,0.185,0.432,Enterprise (5000+),Education,20
Pinnacle Digital,284,162004,50000,424000,27.9,130.7,0.165,0.458,Mid-size (201-1000),Retail,20
Pinnacle Group,290,165952,49000,483000,28.5,122.3,0.179,0.445,Mid-size (201-1000),Consulting,20
Pinnacle Inc,285,160768,54000,469000,27.6,117.8,0.218,0.439,Large (1001-5000),Manufacturing,20
Pinnacle Labs,257,165576,49000,610000,29.8,125.6,0.167,0.444,Small (51-200),Education,20
Pinnacle Partners,248,155903,56000,354000,27.2,117.5,0.218,0.391,Small (51-200),Consulting,20
Pinnacle Solutions,268,162668,51000,479000,29.7,132.1,0.168,0.437,Large (1001-5000),Consulting,20
Pinnacle Systems,259,166664,54000,463000,27.9,129.0,0.17,0.432,Enterprise (5000+),Manufacturing,20
Pinnacle Technologies,274,169478,47000,479000,27.4,131.5,0.157,0.453,Mid-size (201-1000),Logistics,20
Pinnacle Ventures,315,156505,48000,581000,27.4,133.4,0.178,0.4,Mid-size (201-1000),Manufacturing,20
Pioneer AI,269,156743,51000,497000,30.6,130.4,0.19,0.398,Startup (1-50),Media,20
Pioneer Analytics,247,168818,55000,526000,27.0,130.3,0.186,0.433,Mid-size (201-1000),Retail,20
Pioneer Corp,305,155692,52000,635000,27.8,121.6,0.164,0.42,Mid-size (201-1000),Media,20
Pioneer Digital,277,158964,42000,436000,28.5,125.0,0.173,0.422,Enterprise (5000+),Logistics,20
Pioneer Group,287,162488,53000,428000,26.8,125.1,0.216,0.383,Enterprise (5000+),Retail,20
Pioneer Inc,274,160485,45000,510000,27.7,109.8,0.175,0.42,Large (1001-5000),Media,20
Pioneer Labs,276,168616,55000,584000,29.2,110.9,0.21,0.478,Enterprise (5000+),Retail,20
Pioneer Partners,287,151059,54000,469000,30.3,123.0,0.136,0.355,Large (1001-5000),Manufacturing,20
Pioneer Solutions,272,168393,46000,525000,28.7,129.9,0.188,0.452,Mid-size (201-1000),Tech,20
Pioneer Systems,250,157748,37000,488000,28.8,113.5,0.188,0.396,Mid-size (201-1000),Tech,20
Pioneer Technologies,247,157348,58000,472000,30.1,119.9,0.198,0.405,Enterprise (5000+),Healthcare,20
Pioneer Ventures,318,164327,48000,701000,29.6,134.1,0.17,0.434,Enterprise (5000+),Manufacturing,20
Quantum AI,290,162169,52000,435000,27.0,123.8,0.148,0.462,Small (51-200),Government,20
Quantum Analytics,305,164049,43000,532000,29.8,130.1,0.18,0.449,Large (1001-5000),Retail,20
Quantum Corp,273,163553,56000,419000,27.6,124.5,0.158,0.425,Mid-size (201-1000),E-commerce,20
Quantum Digital,284,163915,44000,480000,28.7,124.3,0.176,0.44,Large (1001-5000),Finance,20
Quantum Group,293,165324,47000,508000,27.0,133.6,0.208,0.478,Enterprise (5000+),Consulting,20
Quantum Inc,296,161480,49000,486000,28.0,124.0,0.182,0.419,Startup (1-50),Tech,20
Quantum Labs,263,161928,36000,485000,28.2,124.1,0.171,0.449,Small (51-200),Education,20
Quantum Partners,277,155805,53000,781000,27.7,133.7,0.184,0.397,Mid-size (201-1000),Government,20
Quantum Solutions,257,161315,61000,447000,29.5,131.8,0.198,0.42,Enterprise (5000+),Consulting,20
Quantum Systems,286,161678,57000,553000,28.1,121.6,0.199,0.413,Startup (1-50),Finance,20
Quantum Technologies,275,174185,58000,482000,27.8,115.8,0.175,0.476,Large (1001-5000),Media,20
Quantum Ventures,277,160924,45000,550000,29.3,112.1,0.17,0.415,Startup (1-50),Finance,20
Stellar AI,272,157276,53000,486000,28.9,130.0,0.18,0.426,Small (51-200),Retail,20
Stellar Analytics,309,158693,51000,462000,30.4,109.6,0.214,0.382,Large (1001-5000),Healthcare,20
Stellar Corp,270,171667,51000,642000,30.2,128.2,0.163,0.485,Small (51-200),Media,20
Stellar Digital,282,160879,46000,480000,29.1,123.6,0.191,0.408,Large (1001-5000),Manufacturing,20
Stellar Group,269,156602,44000,523000,29.5,128.4,0.242,0.398,Small (51-200),Finance,20
Stellar Inc,280,160836,42000,454000,30.6,122.8,0.171,0.429,Large (1001-5000),Manufacturing,20
Stellar Labs,292,157103,50000,410000,28.2,127.1,0.151,0.394,Small (51-200),Education,20
Stellar Partners,289,162789,51000,426000,31.2,125.9,0.138,0.408,Startup (1-50),E-commerce,20
Stellar Solutions,262,155950,54000,435000,30.5,135.7,0.16,0.401,Mid-size (201-1000),Tech,20
Stellar Systems,276,159192,49000,430000,27.9,130.4,0.217,0.406,Enterprise (5000+),E-commerce,20
Stellar Technologies,291,162942,51000,452000,28.8,118.6,0.168,0.388,Startup (1-50),Media,20
Stellar Ventures,287,163432,47000,626000,28.7,123.1,0.199,0.443,Large (1001-5000),Manufacturing,20
Summit AI,273,167333,49000,537000,28.9,131.7,0.209,0.403,Enterprise (5000+),Education,20
Summit Analytics,269,167717,46000,438000,28.4,123.2,0.16,0.465,Large (1001-5000),Healthcare,20
Summit Corp,263,168817,44000,433000,30.0,107.3,0.186,0.464,Mid-size (201-1000),Consulting,20
Summit Digital,293,156427,47000,533000,30.7,126.9,0.181,0.413,Enterprise (5000+),Education,20
Summit Group,275,169385,46000,602000,28.1,124.0,0.167,0.436,Enterprise (5000+),Tech,20
Summit Inc,284,175158,42000,552000,28.2,135.8,0.194,0.496,Large (1001-5000),Government,20
Summit Labs,293,157485,49000,499000,28.5,122.4,0.177,0.389,Enterprise (5000+),Retail,20
Summit Partners,278,162529,57000,505000,28.9,130.4,0.183,0.421,Large (1001-5000),Education,20
Summit Solutions,292,154007,53000,383000,29.9,127.3,0.223,0.36,Enterprise (5000+),Education,20
Summit Systems,277,164051,44000,554000,29.4,131.3,0.188,0.455,Large (1001-5000),Healthcare,20
Summit Technologies,288,169014,57000,701000,27.1,122.4,0.156,0.458,Startup (1-50),Finance,20
Summit Ventures,280,168461,42000,472000,29.2,131.7,0.175,0.446,Mid-size (201-1000),Consulting,20
Synergy AI,272,162820,45000,448000,29.2,118.1,0.173,0.467,Startup (1-50),Government,20
Synergy Analytics,253,154494,53000,462000,28.4,115.3,0.206,0.423,Enterprise (5000+),Manufacturing,20
Synergy Corp,278,159651,48000,550000,28.5,117.4,0.18,0.424,Large (1001-5000),Government,20
Synergy Digital,296,162922,51000,578000,29.4,122.6,0.149,0.392,Startup (1-50),Media,20
Synergy Group,249,161221,51000,451000,28.7,107.8,0.169,0.458,Mid-size (201-1000),Logistics,20
Synergy Inc,284,166585,43000,462000,29.7,128.5,0.18,0.412,Small (51-200),Manufacturing,20
Synergy Labs,250,160764,48000,461000,31.3,136.2,0.18,0.436,Large (1001-5000),Government,20
Synergy Partners,287,160070,50000,441000,29.5,125.5,0.185,0.443,Enterprise (5000+),Media,20
Synergy Solutions,289,162370,52000,460000,27.2,114.6,0.197,0.422,Large (1001-5000),Retail,20
Synergy Systems,304,161572,44000,643000,31.5,122.0,0.164,0.447,Startup (1-50),Logistics,20
Synergy Technologies,290,166666,51000,686000,28.8,125.2,0.193,0.403,Large (1001-5000),E-commerce,20
Synergy Ventures,245,162388,57000,551000,29.3,130.2,0.155,0.445,Enterprise (5000+),E-commerce,20
Vanguard AI,286,165748,52000,485000,27.6,121.9,0.196,0.469,Startup (1-50),Education,20
Vanguard Analytics,275,162811,48000,501000,28.5,125.7,0.185,0.462,Large (1001-5000),Logistics,20
Vanguard Corp,236,166686,54000,536000,29.2,132.8,0.157,0.445,Mid-size (201-1000),Media,20
Vanguard Digital,282,160124,50000,496000,28.5,114.0,0.184,0.376,Large (1001-5000),Healthcare,20
Vanguard Group,287,162641,44000,474000,26.3,126.6,0.188,0.39,Enterprise (5000+),Education,20
Vanguard Inc,261,165594,39000,432000,28.3,123.1,0.203,0.49,Enterprise (5000+),Education,20
Vanguard Labs,279,158204,48000,439000,29.7,119.6,0.176,0.366,Mid-size (201-1000),Logistics,20
Vanguard Partners,261,163234,53000,405000,29.9,120.0,0.165,0.433,Large (1001-5000),Finance,20
Vanguard Solutions,270,157752,46000,450000,28.3,118.8,0.178,0.404,Mid-size (201-1000),Manufacturing,20
Vanguard Systems,322,165783,49000,464000,29.6,117.0,0.233,0.457,Mid-size (201-1000),Consulting,20
Vanguard Technologies,295,162247,50000,435000,30.2,126.8,0.163,0.441,Mid-size (201-1000),Finance,20
Vanguard Ventures,261,156169,49000,538000,28.9,114.9,0.211,0.46,Small (51-200),Finance,20
Vertex AI,263,160114,37000,543000,28.1,135.4,0.217,0.445,Startup (1-50),Logistics,20
Vertex Analytics,274,163332,59000,485000,28.5,117.8,0.193,0.427,Mid-size (201-1000),E-commerce,20
Vertex Corp,305,164489,50000,530000,26.9,118.5,0.21,0.436,Small (51-200),Media,20
Vertex Digital,270,168526,48000,627000,28.7,119.3,0.226,0.452,Enterprise (5000+),Tech,20
Vertex Group,281,161093,57000,494000,29.7,118.3,0.185,0.409,Startup (1-50),Government,20
Vertex Inc,285,171418,50000,512000,28.8,136.9,0.182,0.488,Mid-size (201-1000),Government,20
Vertex Labs,255,157192,42000,551000,28.0,121.8,0.176,0.416,Mid-size (201-1000),Tech,20
Vertex Partners,281,160577,48000,460000,29.6,127.3,0.199,0.409,Startup (1-50),Retail,20
Vertex Solutions,269,167074,54000,470000,29.4,120.7,0.149,0.45,Mid-size (201-1000),Tech,20
Vertex Systems,276,161870,44000,532000,31.5,126.2,0.163,0.417,Enterprise (5000+),Logistics,20
Vertex Technologies,260,157804,56000,370000,28.3,109.8,0.2,0.404,Large (1001-5000),Education,20
Vertex Ventures,288,165729,54000,587000,27.0,108.8,0.184,0.458,Large (1001-5000),Tech,20
