post_month,total_postings,avg_salary,median_salary,avg_applicants,avg_days_to_fill,pct_remote,pct_tech,salary_mom_growth
2020-01,811,150499,134000,120.4,28.6,0.116,0.08631319358816276,
2020-02,806,147852,133500,126.3,28.3,0.078,0.08436724565756824,-0.0176
2020-03,825,147731,131000,127.7,28.5,0.101,0.09090909090909091,-0.0008
2020-04,835,151277,137000,120.0,28.8,0.116,0.09820359281437126,0.024
2020-05,824,148664,131000,126.4,29.2,0.089,0.08495145631067962,-0.0173
2020-06,800,149850,135000,126.7,28.6,0.128,0.08875,0.008
2020-07,867,148928,134000,122.2,28.5,0.095,0.10034602076124567,-0.0062
2020-08,828,147085,136000,124.4,29.6,0.095,0.0966183574879227,-0.0124
2020-09,827,148721,137000,124.5,28.3,0.099,0.09068923821039904,0.0111
2020-10,866,149381,138000,122.4,29.0,0.095,0.10969976905311778,0.0044
2020-11,870,154001,140000,118.4,28.6,0.106,0.08045977011494253,0.0309
2020-12,882,150701,136000,121.2,29.0,0.099,0.08956916099773243,-0.0214
2021-01,864,157797,139000,123.1,27.8,0.234,0.09837962962962964,0.0471
2021-02,794,151685,139000,118.6,29.3,0.228,0.08816120906801007,-0.0387
2021-03,833,154795,143000,125.5,29.0,0.263,0.08163265306122448,0.0205
2021-04,803,153988,135000,125.6,29.2,0.265,0.0958904109589041,-0.0052
2021-05,839,155584,139000,125.7,29.0,0.216,0.09296781883194279,0.0104
2021-06,843,155186,141000,127.7,29.0,0.25,0.08896797153024912,-0.0026
2021-07,826,151025,139000,121.2,27.5,0.246,0.08595641646489104,-0.0268
2021-08,884,155243,138000,126.5,28.9,0.264,0.09728506787330317,0.0279
2021-09,813,152305,137000,127.6,29.8,0.26,0.08118081180811808,-0.0189
2021-10,858,151380,136000,125.8,28.2,0.254,0.08508158508158509,-0.0061
2021-11,878,155112,141000,124.5,29.1,0.237,0.08314350797266515,0.0247
2021-12,858,159740,145000,122.4,29.3,0.253,0.08741258741258741,0.0298
2022-01,843,164687,149000,123.5,28.6,0.227,0.08896797153024912,0.031
2022-02,770,167179,153000,126.1,30.1,0.213,0.08961038961038961,0.0151
2022-03,841,174522,159000,119.1,29.1,0.209,0.08799048751486326,0.0439
2022-04,798,167201,148500,119.2,27.9,0.209,0.10025062656641603,-0.0419
2022-05,812,168265,152000,123.2,29.5,0.239,0.07635467980295567,0.0064
2022-06,843,167581,150000,121.7,29.4,0.225,0.07354685646500593,-0.0041
2022-07,829,170595,154000,128.3,29.1,0.229,0.08685162846803378,0.018
2022-08,829,166800,152000,126.0,28.7,0.223,0.10132689987937274,-0.0222
2022-09,800,172449,158000,117.8,28.2,0.222,0.105,0.0339
2022-10,852,170725,155000,125.7,29.0,0.215,0.08333333333333333,-0.01
2022-11,808,166999,147000,120.3,29.3,0.256,0.07425742574257425,-0.0218
2022-12,858,170463,153000,122.7,28.3,0.21,0.0979020979020979,0.0207
2023-01,823,171837,150000,121.7,29.0,0.185,0.0911300121506683,0.0081
2023-02,745,168583,156000,124.9,28.6,0.176,0.0953020134228188,-0.0189
2023-03,827,175110,161000,123.7,28.1,0.158,0.09673518742442563,0.0387
2023-04,864,168516,151500,129.0,28.8,0.182,0.09490740740740741,-0.0377
2023-05,815,172671,156000,118.6,29.2,0.162,0.0834355828220859,0.0247
2023-06,852,171739,156000,127.2,28.4,0.162,0.09507042253521127,-0.0054
2023-07,867,172328,153000,126.8,29.7,0.173,0.1061130334486736,0.0034
2023-08,871,173325,156000,127.5,28.9,0.17,0.09529276693455797,0.0058
2023-09,788,169636,156000,123.4,28.7,0.193,0.11294416243654823,-0.0213
2023-10,815,168017,154000,117.5,28.1,0.156,0.07116564417177915,-0.0095
2023-11,811,171613,155000,119.0,28.4,0.191,0.08261405672009864,0.0214
2023-12,826,168557,154000,125.3,29.3,0.183,0.09685230024213075,-0.0178
2024-01,900,168869,151000,118.8,29.5,0.168,0.07666666666666666,0.0019
2024-02,788,166486,152000,126.3,28.9,0.178,0.0850253807106599,-0.0141
2024-03,874,174205,157000,126.9,28.9,0.17,0.08581235697940504,0.0464
2024-04,869,167827,152000,128.0,29.1,0.181,0.08170310701956271,-0.0366
2024-05,791,169558,151000,122.6,29.0,0.173,0.08723135271807839,0.0103
2024-06,784,166384,151000,123.8,28.8,0.165,0.08418367346938775,-0.0187
2024-07,841,166460,151000,125.1,29.1,0.157,0.08680142687277051,0.0005
2024-08,879,171197,154000,127.2,27.7,0.164,0.09101251422070535,0.0285
2024-09,823,168160,154000,125.9,28.9,0.168,0.09477521263669501,-0.0177
2024-10,881,169620,154000,120.4,29.1,0.182,0.0771850170261067,0.0087
2024-11,817,171843,157000,122.1,28.3,0.195,0.10159118727050184,0.0131
2024-12,832,166802,148500,124.0,30.6,0.172,0.07572115384615384,-0.0293
