skill,year,posting_count,avg_salary,median_salary,yoy_demand_growth,salary_premium_vs_avg
A/B Testing,2020,683,146274,134000,,-0.1003
A/B Testing,2021,698,150526,139000,0.022,-0.0741
A/B Testing,2022,708,166719,154000,0.0143,0.0255
A/B Testing,2023,662,165293,149500,-0.065,0.0167
A/B Testing,2024,705,167399,151000,0.065,0.0297
AWS,2020,1951,175260,159000,,0.078
AWS,2021,1999,179730,165000,0.0246,0.1055
AWS,2022,1941,199356,183000,-0.029,0.2262
AWS,2023,1965,200703,183000,0.0124,0.2345
AWS,2024,1949,197357,183000,-0.0081,0.2139
Accounting,2020,322,111248,104000,,-0.3157
Accounting,2021,352,115551,108000,0.0932,-0.2892
Accounting,2022,309,126631,116000,-0.1222,-0.2211
Accounting,2023,289,128388,120000,-0.0647,-0.2103
Accounting,2024,347,126326,115000,0.2007,-0.223
Adobe XD,2020,374,127714,120000,,-0.2144
Adobe XD,2021,382,128615,120500,0.0214,-0.2089
Adobe XD,2022,363,138656,132000,-0.0497,-0.1471
Adobe XD,2023,374,146380,133500,0.0303,-0.0996
Adobe XD,2024,349,141229,132000,-0.0668,-0.1313
Agile,2020,739,146663,138000,,-0.0979
Agile,2021,765,146084,133000,0.0352,-0.1014
Agile,2022,740,163774,150000,-0.0327,0.0074
Agile,2023,701,154896,143000,-0.0527,-0.0472
Agile,2024,798,156706,141000,0.1384,-0.0361
Airflow,2020,273,159059,149000,,-0.0216
Airflow,2021,284,166394,154500,0.0403,0.0235
Airflow,2022,281,177794,167000,-0.0106,0.0936
Airflow,2023,251,191765,175000,-0.1068,0.1795
Airflow,2024,284,191592,178000,0.1315,0.1785
Analytics,2020,334,121671,113000,,-0.2516
Analytics,2021,326,125113,114000,-0.024,-0.2304
Analytics,2022,305,131649,124000,-0.0644,-0.1902
Analytics,2023,314,136006,124500,0.0295,-0.1634
Analytics,2024,306,138745,130000,-0.0255,-0.1466
Azure,2020,293,207058,190000,,0.2736
Azure,2021,279,207118,190000,-0.0478,0.274
Azure,2022,276,230442,209000,-0.0108,0.4174
Azure,2023,282,242613,222500,0.0217,0.4923
Azure,2024,250,220704,204500,-0.1135,0.3575
Bloomberg,2020,316,111199,103000,,-0.316
Bloomberg,2021,341,115622,109000,0.0791,-0.2888
Bloomberg,2022,320,129791,121000,-0.0616,-0.2017
Bloomberg,2023,286,129958,121000,-0.1062,-0.2006
Bloomberg,2024,320,126912,118000,0.1189,-0.2194
Budgeting,2020,326,117546,107000,,-0.277
Budgeting,2021,328,124957,115000,0.0061,-0.2314
Budgeting,2022,322,128922,119000,-0.0183,-0.207
Budgeting,2023,327,132333,120000,0.0155,-0.186
Budgeting,2024,317,132249,123000,-0.0306,-0.1865
C++,2020,291,211749,202000,,0.3025
C++,2021,277,226888,209000,-0.0481,0.3956
C++,2022,288,239396,224500,0.0397,0.4725
C++,2023,270,233507,224500,-0.0625,0.4363
C++,2024,289,231391,217000,0.0704,0.4233
CI/CD,2020,540,186941,170500,,0.1499
CI/CD,2021,587,192363,174000,0.087,0.1832
CI/CD,2022,569,216566,198000,-0.0307,0.3321
CI/CD,2023,601,214052,194000,0.0562,0.3166
CI/CD,2024,562,212737,194000,-0.0649,0.3085
CRM,2020,323,122251,113000,,-0.248
CRM,2021,340,124924,114500,0.0526,-0.2316
CRM,2022,317,129088,119000,-0.0676,-0.206
CRM,2023,318,139050,128500,0.0032,-0.1447
CRM,2024,311,138305,133000,-0.022,-0.1493
Compensation,2020,434,95710,88000,,-0.4113
Compensation,2021,368,102872,95000,-0.1521,-0.3672
Compensation,2022,397,107950,100000,0.0788,-0.336
Compensation,2023,355,112656,104000,-0.1058,-0.3071
Compensation,2024,412,109777,104000,0.1606,-0.3248
Compliance,2020,370,140019,130000,,-0.1387
Compliance,2021,400,145950,133000,0.0811,-0.1023
Compliance,2022,379,157153,146000,-0.0525,-0.0334
Compliance,2023,379,161464,155000,0.0,-0.0068
Compliance,2024,356,160503,145500,-0.0607,-0.0127
Content Strategy,2020,330,118903,109000,,-0.2686
Content Strategy,2021,333,125258,115000,0.0091,-0.2295
Content Strategy,2022,314,131188,122000,-0.0571,-0.1931
Content Strategy,2023,329,134161,124000,0.0478,-0.1748
Content Strategy,2024,326,138994,131500,-0.0091,-0.145
Cost Optimization,2020,288,207295,194000,,0.2751
Cost Optimization,2021,276,211572,192000,-0.0417,0.3014
Cost Optimization,2022,278,237676,216500,0.0072,0.4619
Cost Optimization,2023,294,239993,226500,0.0576,0.4762
Cost Optimization,2024,256,227633,207500,-0.1293,0.4002
Data Analysis,2020,339,117723,109000,,-0.2759
Data Analysis,2021,314,116439,105500,-0.0737,-0.2838
Data Analysis,2022,303,131030,120000,-0.035,-0.194
Data Analysis,2023,343,132837,126000,0.132,-0.1829
Data Analysis,2024,338,132586,121000,-0.0146,-0.1845
Data Visualization,2020,312,105353,100000,,-0.352
Data Visualization,2021,301,111538,106000,-0.0353,-0.3139
Data Visualization,2022,315,116562,110000,0.0465,-0.283
Data Visualization,2023,320,115147,108000,0.0159,-0.2917
Data Visualization,2024,319,121307,110000,-0.0031,-0.2538
Derivatives,2020,244,210361,199000,,0.2939
Derivatives,2021,308,222104,201000,0.2623,0.3662
Derivatives,2022,284,236768,224000,-0.0779,0.4564
Derivatives,2023,288,234507,221000,0.0141,0.4425
Derivatives,2024,298,237547,216000,0.0347,0.4611
Design Thinking,2020,349,128642,118000,,-0.2087
Design Thinking,2021,374,126695,120000,0.0716,-0.2207
Design Thinking,2022,351,137197,131000,-0.0615,-0.1561
Design Thinking,2023,367,148888,136000,0.0456,-0.0842
Design Thinking,2024,355,140344,131000,-0.0327,-0.1367
Digital Marketing,2020,310,118258,110000,,-0.2726
Digital Marketing,2021,325,125422,115000,0.0484,-0.2285
Digital Marketing,2022,319,130295,121000,-0.0185,-0.1986
Digital Marketing,2023,313,133754,121000,-0.0188,-0.1773
Digital Marketing,2024,295,142881,131000,-0.0575,-0.1211
Docker,2020,1380,173039,157000,,0.0644
Docker,2021,1457,179966,166000,0.0558,0.107
Docker,2022,1386,196420,181000,-0.0487,0.2082
Docker,2023,1426,197266,179000,0.0289,0.2134
Docker,2024,1421,199011,183000,-0.0035,0.2241
ERP,2020,331,116795,107000,,-0.2816
ERP,2021,324,124435,114000,-0.0211,-0.2346
ERP,2022,303,128898,115000,-0.0648,-0.2071
ERP,2023,333,135252,124000,0.099,-0.1681
ERP,2024,323,137074,125000,-0.03,-0.1569
Employment Law,2020,444,97014,89000,,-0.4033
Employment Law,2021,379,102639,95000,-0.1464,-0.3687
Employment Law,2022,379,107119,99000,0.0,-0.3411
Employment Law,2023,357,111165,102000,-0.058,-0.3162
Employment Law,2024,375,107640,102000,0.0504,-0.3379
Excel,2020,1024,111431,104000,,-0.3146
Excel,2021,1084,112522,105000,0.0586,-0.3079
Excel,2022,987,126859,116000,-0.0895,-0.2197
Excel,2023,952,124093,116000,-0.0355,-0.2367
Excel,2024,1030,122620,113000,0.0819,-0.2458
FP&A,2020,323,111502,103000,,-0.3142
FP&A,2021,330,114242,106000,0.0217,-0.2973
FP&A,2022,310,127287,118000,-0.0606,-0.2171
FP&A,2023,281,130477,121000,-0.0935,-0.1974
FP&A,2024,326,124537,111000,0.1601,-0.234
Figma,2020,687,128767,118000,,-0.208
Figma,2021,704,130151,120000,0.0247,-0.1994
Figma,2022,669,146451,136000,-0.0497,-0.0992
Figma,2023,678,147861,137000,0.0135,-0.0905
Figma,2024,639,146588,138000,-0.0575,-0.0983
Financial Modeling,2020,635,162255,144000,,-0.002
Financial Modeling,2021,642,164866,147500,0.011,0.0141
Financial Modeling,2022,609,177944,155000,-0.0514,0.0945
Financial Modeling,2023,563,177668,160000,-0.0755,0.0928
Financial Modeling,2024,635,181507,159000,0.1279,0.1164
GCP,2020,286,207252,191000,,0.2748
GCP,2021,268,210996,192000,-0.0629,0.2978
GCP,2022,274,222131,204000,0.0224,0.3663
GCP,2023,299,235769,217000,0.0912,0.4502
GCP,2024,277,225166,204000,-0.0736,0.385
Git,2020,867,148511,136000,,-0.0865
Git,2021,834,152017,139500,-0.0381,-0.0649
Git,2022,818,171473,158000,-0.0192,0.0547
Git,2023,911,170137,156000,0.1137,0.0465
Git,2024,850,170806,163500,-0.067,0.0506
Google Ads,2020,333,119015,108000,,-0.2679
Google Ads,2021,332,122081,112000,-0.003,-0.2491
Google Ads,2022,316,132766,124000,-0.0482,-0.1834
Google Ads,2023,318,135305,123000,0.0063,-0.1677
Google Ads,2024,299,133020,127000,-0.0597,-0.1818
HRIS,2020,434,98535,90000,,-0.3939
HRIS,2021,393,104196,95000,-0.0945,-0.3591
HRIS,2022,388,106325,99000,-0.0127,-0.346
HRIS,2023,337,111297,101000,-0.1314,-0.3154
HRIS,2024,384,108216,101000,0.1395,-0.3344
HTML/CSS,2020,312,132167,120000,,-0.187
HTML/CSS,2021,295,136576,128000,-0.0545,-0.1599
HTML/CSS,2022,330,153261,140000,0.1186,-0.0573
HTML/CSS,2023,310,144687,136500,-0.0606,-0.11
HTML/CSS,2024,332,149883,136000,0.071,-0.0781
Incident Response,2020,390,142154,130500,,-0.1256
Incident Response,2021,402,144761,131500,0.0308,-0.1096
Incident Response,2022,360,157081,146000,-0.1045,-0.0338
Incident Response,2023,384,161396,153500,0.0667,-0.0073
Incident Response,2024,353,157686,142000,-0.0807,-0.0301
Java,2020,853,171449,155000,,0.0546
Java,2021,843,180805,167000,-0.0117,0.1121
Java,2022,859,197219,181000,0.019,0.2131
Java,2023,858,200786,180000,-0.0012,0.235
Java,2024,834,197741,182000,-0.028,0.2163
JavaScript,2020,322,130885,120000,,-0.1949
JavaScript,2021,268,137884,129000,-0.1677,-0.1519
JavaScript,2022,329,153079,138000,0.2276,-0.0584
JavaScript,2023,309,149278,139000,-0.0608,-0.0818
JavaScript,2024,327,151716,141000,0.0583,-0.0668
Kafka,2020,272,154044,146000,,-0.0525
Kafka,2021,274,168117,154000,0.0074,0.0341
Kafka,2022,271,178325,167000,-0.0109,0.0969
Kafka,2023,274,186036,174500,0.0111,0.1443
Kafka,2024,267,188734,178000,-0.0255,0.1609
Kubernetes,2020,1359,184724,168000,,0.1362
Kubernetes,2021,1446,186102,170500,0.064,0.1447
Kubernetes,2022,1402,211673,193500,-0.0304,0.302
Kubernetes,2023,1436,213932,196000,0.0243,0.3159
Kubernetes,2024,1340,207969,194000,-0.0669,0.2792
Lean,2020,324,117130,108000,,-0.2795
Lean,2021,311,121334,110000,-0.0401,-0.2537
Lean,2022,306,128758,120500,-0.0161,-0.208
Lean,2023,320,129250,122000,0.0458,-0.205
Lean,2024,338,134112,123000,0.0562,-0.1751
Linux,2020,278,157709,145500,,-0.0299
Linux,2021,291,162495,146000,0.0468,-0.0005
Linux,2022,269,177877,169000,-0.0756,0.0941
Linux,2023,301,184419,167000,0.119,0.1344
Linux,2024,291,188509,180000,-0.0332,0.1595
MLOps,2020,263,183460,170000,,0.1285
MLOps,2021,282,192096,177500,0.0722,0.1816
MLOps,2022,303,209452,188000,0.0745,0.2883
MLOps,2023,284,202306,192500,-0.0627,0.2444
MLOps,2024,297,207545,190000,0.0458,0.2766
Machine Learning,2020,596,159067,147000,,-0.0216
Machine Learning,2021,591,165816,156000,-0.0084,0.0199
Machine Learning,2022,604,178904,162000,0.022,0.1004
Machine Learning,2023,581,184064,170000,-0.0381,0.1322
Machine Learning,2024,643,181877,166000,0.1067,0.1187
Microservices,2020,543,215002,197000,,0.3225
Microservices,2021,584,214389,196500,0.0755,0.3187
Microservices,2022,561,240114,224000,-0.0394,0.4769
Microservices,2023,618,240782,226000,0.1016,0.481
Microservices,2024,532,235117,219000,-0.1392,0.4462
Network Security,2020,372,143965,132000,,-0.1145
Network Security,2021,396,143770,131000,0.0645,-0.1157
Network Security,2022,363,156959,144000,-0.0833,-0.0345
Network Security,2023,382,162531,154000,0.0523,-0.0003
Network Security,2024,375,158197,142000,-0.0183,-0.0269
Penetration Testing,2020,372,143005,133500,,-0.1204
Penetration Testing,2021,378,146082,131000,0.0161,-0.1015
Penetration Testing,2022,361,157709,146000,-0.045,-0.0299
Penetration Testing,2023,378,163114,155500,0.0471,0.0033
Penetration Testing,2024,382,158937,143000,0.0106,-0.0224
Performance Management,2020,442,98317,89000,,-0.3953
Performance Management,2021,385,103340,94000,-0.129,-0.3644
Performance Management,2022,382,106819,99000,-0.0078,-0.343
Performance Management,2023,341,111372,102000,-0.1073,-0.315
Performance Management,2024,393,110087,103000,0.1525,-0.3229
PostgreSQL,2020,287,144408,134000,,-0.1117
PostgreSQL,2021,265,155464,146000,-0.0767,-0.0437
PostgreSQL,2022,277,165968,156000,0.0453,0.0209
PostgreSQL,2023,260,167277,153500,-0.0614,0.0289
PostgreSQL,2024,256,167062,156000,-0.0154,0.0276
Power BI,2020,641,108466,101000,,-0.3328
Power BI,2021,643,114286,106000,0.0031,-0.297
Power BI,2022,609,123571,114000,-0.0529,-0.2399
Power BI,2023,597,124821,116000,-0.0197,-0.2322
Power BI,2024,659,121716,110000,0.1039,-0.2513
Process Improvement,2020,330,118036,108000,,-0.274
Process Improvement,2021,311,118910,107000,-0.0576,-0.2686
Process Improvement,2022,311,130331,121000,0.0,-0.1983
Process Improvement,2023,317,131562,125000,0.0193,-0.1908
Process Improvement,2024,322,131435,121000,0.0158,-0.1915
Product Strategy,2020,371,175927,168000,,0.0821
Product Strategy,2021,375,176909,164000,0.0108,0.0882
Product Strategy,2022,369,195691,183000,-0.016,0.2037
Product Strategy,2023,329,190322,175000,-0.1084,0.1707
Product Strategy,2024,382,193702,179500,0.1611,0.1915
Prototyping,2020,388,128735,122000,,-0.2082
Prototyping,2021,390,125851,117000,0.0052,-0.2259
Prototyping,2022,355,137904,133000,-0.0897,-0.1518
Prototyping,2023,365,144641,132000,0.0282,-0.1103
Prototyping,2024,341,144974,135000,-0.0658,-0.1083
Publications,2020,303,164779,157000,,0.0136
Publications,2021,330,173730,162500,0.0891,0.0686
Publications,2022,324,187034,170000,-0.0182,0.1504
Publications,2023,333,191330,181000,0.0278,0.1769
Publications,2024,332,192331,181000,-0.003,0.183
PyTorch,2020,241,182531,165000,,0.1227
PyTorch,2021,307,188062,172000,0.2739,0.1568
PyTorch,2022,320,201353,180000,0.0423,0.2385
PyTorch,2023,273,205249,195000,-0.1469,0.2625
PyTorch,2024,303,207568,187000,0.1099,0.2767
Python,2020,3235,160736,147000,,-0.0113
Python,2021,3399,169602,153000,0.0507,0.0432
Python,2022,3255,183507,166000,-0.0424,0.1287
Python,2023,3256,186734,170000,0.0003,0.1486
Python,2024,3312,184386,169000,0.0172,0.1342
R,2020,906,172751,158000,,0.0626
R,2021,874,184818,168000,-0.0353,0.1368
R,2022,922,196464,181000,0.0549,0.2084
R,2023,880,197770,181000,-0.0456,0.2165
R,2024,944,193685,176000,0.0727,0.1914
REST APIs,2020,890,144576,134000,,-0.1107
REST APIs,2021,829,149828,137000,-0.0685,-0.0784
REST APIs,2022,850,165908,154000,0.0253,0.0205
REST APIs,2023,862,166235,152500,0.0141,0.0225
REST APIs,2024,851,166754,157000,-0.0128,0.0257
React,2020,306,133575,122000,,-0.1784
React,2021,297,134300,125000,-0.0294,-0.1739
React,2022,295,155186,141000,-0.0067,-0.0455
React,2023,323,149666,140000,0.0949,-0.0794
React,2024,308,150198,138500,-0.0464,-0.0761
Redis,2020,283,143067,133000,,-0.12
Redis,2021,264,153439,142000,-0.0671,-0.0562
Redis,2022,271,164387,153000,0.0265,0.0111
Redis,2023,273,168432,154000,0.0074,0.036
Redis,2024,292,162229,149000,0.0696,-0.0021
Requirements Gathering,2020,359,114145,104000,,-0.2979
Requirements Gathering,2021,402,116846,108000,0.1198,-0.2813
Requirements Gathering,2022,382,128270,117000,-0.0498,-0.211
Requirements Gathering,2023,402,126560,115500,0.0524,-0.2215
Requirements Gathering,2024,382,123979,117000,-0.0498,-0.2374
Research,2020,290,163338,155000,,0.0047
Research,2021,323,175721,162000,0.1138,0.0809
Research,2022,313,189511,177000,-0.031,0.1657
Research,2023,341,193669,181000,0.0895,0.1913
Research,2024,348,190647,174500,0.0205,0.1727
Risk Management,2020,288,209309,195000,,0.2875
Risk Management,2021,282,215103,195000,-0.0208,0.3231
Risk Management,2022,280,240379,230500,-0.0071,0.4786
Risk Management,2023,291,231450,225000,0.0393,0.4236
Risk Management,2024,301,233887,216000,0.0344,0.4386
Roadmapping,2020,369,172371,165000,,0.0603
Roadmapping,2021,372,175944,162500,0.0081,0.0822
Roadmapping,2022,369,193220,180000,-0.0081,0.1885
Roadmapping,2023,333,190090,178000,-0.0976,0.1692
Roadmapping,2024,386,193549,178500,0.1592,0.1905
SEO,2020,311,120016,110000,,-0.2618
SEO,2021,335,125084,115000,0.0772,-0.2306
SEO,2022,329,131775,124000,-0.0179,-0.1895
SEO,2023,329,137061,128000,0.0,-0.1569
SEO,2024,312,133599,123000,-0.0517,-0.1782
SIEM,2020,390,138646,127500,,-0.1472
SIEM,2021,391,145335,131000,0.0026,-0.106
SIEM,2022,369,159469,148000,-0.0563,-0.0191
SIEM,2023,384,164727,156000,0.0407,0.0132
SIEM,2024,381,156003,143000,-0.0078,-0.0404
SQL,2020,2834,146693,133000,,-0.0977
SQL,2021,2827,149822,136000,-0.0025,-0.0784
SQL,2022,2755,164115,150000,-0.0255,0.0095
SQL,2023,2704,165244,149000,-0.0185,0.0164
SQL,2024,2884,164223,149000,0.0666,0.0101
Security,2020,294,203289,189500,,0.2504
Security,2021,276,209384,191500,-0.0612,0.2879
Security,2022,282,228848,209500,0.0217,0.4076
Security,2023,296,237111,221500,0.0496,0.4585
Security,2024,262,223824,205500,-0.1149,0.3767
Six Sigma,2020,333,120544,109000,,-0.2585
Six Sigma,2021,309,117641,107000,-0.0721,-0.2764
Six Sigma,2022,295,132312,120000,-0.0453,-0.1862
Six Sigma,2023,335,132701,128000,0.1356,-0.1838
Six Sigma,2024,325,132375,120000,-0.0299,-0.1858
Snowflake,2020,267,162191,149000,,-0.0024
Snowflake,2021,283,161799,148000,0.0599,-0.0048
Snowflake,2022,259,178336,167000,-0.0848,0.0969
Snowflake,2023,282,182032,166500,0.0888,0.1197
Snowflake,2024,284,189859,182000,0.0071,0.1678
Spark,2020,876,165893,153000,,0.0204
Spark,2021,808,169637,156500,-0.0776,0.0434
Spark,2022,812,179292,166000,0.005,0.1028
Spark,2023,813,187125,174000,0.0012,0.151
Spark,2024,856,185989,170500,0.0529,0.144
Stakeholder Management,2020,718,146983,136000,,-0.0959
Stakeholder Management,2021,761,146372,135000,0.0599,-0.0997
Stakeholder Management,2022,773,163147,150000,0.0158,0.0035
Stakeholder Management,2023,686,155187,144000,-0.1125,-0.0454
Stakeholder Management,2024,786,159430,142500,0.1458,-0.0193
Statistics,2020,1202,154051,140500,,-0.0524
Statistics,2021,1196,163385,151500,-0.005,0.005
Statistics,2022,1218,177759,162000,0.0184,0.0934
Statistics,2023,1184,181514,166000,-0.0279,0.1165
Statistics,2024,1300,177627,160000,0.098,0.0926
Supply Chain,2020,334,116943,108000,,-0.2807
Supply Chain,2021,338,120379,109000,0.012,-0.2595
Supply Chain,2022,306,127889,117500,-0.0947,-0.2134
Supply Chain,2023,339,135133,124000,0.1078,-0.1688
Supply Chain,2024,317,135281,125000,-0.0649,-0.1679
System Design,2020,254,221807,203500,,0.3643
System Design,2021,307,224065,205000,0.2087,0.3782
System Design,2022,283,247258,231000,-0.0782,0.5209
System Design,2023,297,244269,227000,0.0495,0.5025
System Design,2024,263,241232,224000,-0.1145,0.4838
Tableau,2020,998,124610,113000,,-0.2335
Tableau,2021,967,124240,113000,-0.0311,-0.2358
Tableau,2022,1001,135040,123000,0.0352,-0.1694
Tableau,2023,973,137321,125000,-0.028,-0.1553
Tableau,2024,1014,133265,123000,0.0421,-0.1803
Talent Acquisition,2020,450,97351,89000,,-0.4012
Talent Acquisition,2021,368,103057,94500,-0.1822,-0.3661
Talent Acquisition,2022,385,106714,99000,0.0462,-0.3436
Talent Acquisition,2023,354,109992,100000,-0.0805,-0.3234
Talent Acquisition,2024,395,109635,104000,0.1158,-0.3256
TensorFlow,2020,900,165621,153000,,0.0187
TensorFlow,2021,897,174167,158000,-0.0033,0.0713
TensorFlow,2022,888,183151,170000,-0.01,0.1266
TensorFlow,2023,902,192002,178000,0.0158,0.181
TensorFlow,2024,919,186442,171000,0.0188,0.1468
Terraform,2020,570,178682,167000,,0.0991
Terraform,2021,559,182846,166000,-0.0193,0.1247
Terraform,2022,544,206151,191500,-0.0268,0.268
Terraform,2023,557,207050,189000,0.0239,0.2736
Terraform,2024,528,198909,185000,-0.0521,0.2235
TypeScript,2020,333,134465,123000,,-0.1729
TypeScript,2021,292,137928,129000,-0.1231,-0.1516
TypeScript,2022,324,156420,140500,0.1096,-0.0379
TypeScript,2023,300,140953,132500,-0.0741,-0.133
TypeScript,2024,308,149951,140000,0.0267,-0.0777
Usability Testing,2020,370,127116,118000,,-0.2181
Usability Testing,2021,409,127800,122000,0.1054,-0.2139
Usability Testing,2022,342,138181,129500,-0.1638,-0.1501
Usability Testing,2023,382,147272,134000,0.117,-0.0941
Usability Testing,2024,355,139814,132000,-0.0707,-0.14
User Research,2020,376,127495,118000,,-0.2158
User Research,2021,407,124619,117000,0.0824,-0.2335
User Research,2022,333,137706,132000,-0.1818,-0.153
User Research,2023,357,145246,130000,0.0721,-0.1066
User Research,2024,357,139053,129000,0.0,-0.1447
dbt,2020,280,164082,147500,,0.0093
dbt,2021,251,172394,159000,-0.1036,0.0604
dbt,2022,257,176946,169000,0.0239,0.0884
dbt,2023,264,183375,171000,0.0272,0.1279
dbt,2024,271,195716,184000,0.0265,0.2038
